{
  "version": 1,
  "author": "Alan Pires",
  "editor": "wokwi",
  "parts": [
    { "type": "wokwi-breadboard", "id": "bb1", "top": -127.8, "left": -170, "attrs": {} },
    { "type": "wokwi-arduino-uno", "id": "uno", "top": 119.37, "left": 92.07, "attrs": {} },
    {
      "type": "wokwi-hc-sr04",
      "id": "ultrasonic1",
      "top": -253.59,
      "left": -137.43,
      "attrs": { "distance": "370" }
    },
    {
      "type": "wokwi-led",
      "id": "led1",
      "top": -118.8,
      "left": 321,
      "attrs": { "color": "red", "flip": "" }
    },
    {
      "type": "wokwi-led",
      "id": "led2",
      "top": -109.2,
      "left": 340.2,
      "attrs": { "color": "yellow", "flip": "" }
    },
    {
      "type": "wokwi-resistor",
      "id": "r3",
      "top": -67.6,
      "left": 259.2,
      "attrs": { "value": "1000" }
    },
    {
      "type": "wokwi-led",
      "id": "led5",
      "top": -80.4,
      "left": 368.6,
      "attrs": { "color": "limegreen", "flip": "" }
    },
    {
      "type": "wokwi-resistor",
      "id": "r4",
      "top": -48.4,
      "left": 268.8,
      "attrs": { "value": "1000" }
    },
    {
      "type": "wokwi-resistor",
      "id": "r1",
      "top": -86.8,
      "left": 249.6,
      "attrs": { "value": "1000" }
    }
  ],
  "connections": [
    [ "uno:GND.1", "bb1:bn.30", "black", [ "v0" ] ],
    [ "bb1:bp.1", "ultrasonic1:VCC", "green", [ "v-5.5", "h-33.19" ] ],
    [ "uno:5V", "bb1:bp.1", "red", [ "v46.69", "h-328.06" ] ],
    [ "ultrasonic1:TRIG", "uno:7", "green", [ "v-0.45", "h1.49", "v287.91" ] ],
    [ "uno:6", "ultrasonic1:ECHO", "green", [ "v-94.37", "h-2.3" ] ],
    [ "ultrasonic1:GND", "bb1:bn.2", "black", [ "v0" ] ],
    [ "uno:5", "led5:A", "green", [ "v-23.04", "h80.14" ] ],
    [ "led2:A", "uno:4", "green", [ "v151.7", "h-48.11" ] ],
    [ "bb1:bn.50", "bb1:tn.50", "green", [ "v-0.83", "h63.08", "v-173.69" ] ],
    [ "r1:1", "bb1:tn.34", "green", [ "v0" ] ],
    [ "r1:2", "led1:C", "green", [ "v-14.91", "h8" ] ],
    [ "led1:A", "bb1:52t.a", "", [ "$bb" ] ],
    [ "led1:C", "bb1:51t.a", "", [ "$bb" ] ],
    [ "uno:3", "bb1:52t.e", "green", [ "v-151.93", "h26.45" ] ],
    [ "r4:1", "bb1:44t.e", "", [ "$bb" ] ],
    [ "r4:2", "bb1:50t.e", "", [ "$bb" ] ],
    [ "r1:1", "bb1:42t.a", "", [ "$bb" ] ],
    [ "r1:2", "bb1:48t.a", "", [ "$bb" ] ],
    [ "r3:1", "bb1:43t.c", "", [ "$bb" ] ],
    [ "r3:2", "bb1:49t.c", "", [ "$bb" ] ],
    [ "r4:2", "led5:C", "green", [ "v7.24", "h6.13" ] ],
    [ "led5:A", "bb1:57t.e", "", [ "$bb" ] ],
    [ "led5:C", "bb1:56t.e", "", [ "$bb" ] ],
    [ "led2:A", "bb1:53t.b", "", [ "$bb" ] ],
    [ "led2:C", "bb1:54t.b", "", [ "$bb" ] ],
    [ "r3:2", "led2:C", "green", [ "v0" ] ],
    [ "r1:1", "r3:1", "green", [ "v0" ] ],
    [ "r3:1", "r4:1", "green", [ "v0" ] ]
  ]
}